tournament_no,seq,level,small_blind,big_blind,giant_blind,ante,blind_min
1,1,1,100,200,0,0,15
1,2,2,200,400,0,0,15
1,3,3,300,600,0,0,15
1,4,4,400,800,0,100,15
1,5,-1,0,0,0,0,15
1,6,5,500,1000,0,100,15
1,7,6,600,1200,0,100,15
1,8,7,800,1600,0,200,15
1,9,8,1000,2000,0,200,15
1,10,-1,0,0,0,0,15
1,11,9,1200,2400,0,300,15
1,12,10,1500,3000,0,400,15
1,13,11,2000,4000,0,500,15
1,14,12,2500,5000,0,600,15
1,15,13,3000,6000,0,800,15
1,16,14,4000,8000,0,1000,15
1,17,15,5000,10000,0,1200,15
1,18,16,6000,12000,0,1500,15
2,1,1,100,200,0,0,15
2,2,2,200,400,0,0,15
2,3,3,300,600,0,0,15
2,4,4,400,800,0,100,15
2,5,-1,0,0,0,0,15
2,6,5,500,1000,0,100,15
2,7,6,600,1200,0,100,15
2,8,7,800,1600,0,200,15
2,9,8,1000,2000,0,200,15
2,10,-1,0,0,0,0,15
2,11,9,1200,2400,0,300,15
2,12,10,1500,3000,0,400,15
2,13,11,2000,4000,0,500,15
2,14,12,2500,5000,0,600,15
2,15,13,3000,6000,0,800,15
2,16,14,4000,8000,0,1000,15
3,1,1,100,200,0,0,15
3,2,2,200,400,0,0,15
3,3,3,300,600,0,100,15
3,4,4,500,1000,0,100,15
3,5,5,800,1600,0,200,15
3,6,6,1000,2000,0,200,15
3,7,7,1500,3000,0,400,15
3,8,8,2000,4000,0,500,15
4,1,1,100,200,0,0,15
4,2,2,200,400,0,0,15
4,3,3,300,600,0,0,15
4,4,4,400,800,0,100,15
4,5,-1,0,0,0,0,15
4,6,5,500,1000,0,100,15
4,7,6,600,1200,0,100,15
4,8,7,800,1600,0,200,15
4,9,8,1000,2000,0,200,15
4,10,-1,0,0,0,0,15
4,11,9,1200,2400,0,300,15
4,12,10,1500,3000,0,400,15
4,13,11,2000,4000,0,500,15
4,14,12,2500,5000,0,600,15
4,15,13,3000,6000,0,800,15
4,16,14,4000,8000,0,1000,15
5,1,1,100,200,0,0,10
5,2,2,200,400,0,0,10
5,3,3,300,600,0,0,10
5,4,4,400,800,0,100,10
5,5,5,500,1000,0,100,10
5,6,-1,0,0,0,0,10
5,7,6,600,1200,0,100,10
5,8,7,800,1600,0,200,10
5,9,8,1000,2000,0,200,10
5,10,9,1200,2400,0,300,10
5,11,10,1500,3000,0,400,10
5,12,-1,0,0,0,0,10
5,13,11,2000,4000,0,500,10
5,14,12,2500,5000,0,600,10
5,15,13,3000,6000,0,800,10
5,16,14,4000,8000,0,1000,10
5,17,15,5000,10000,0,1200,10
5,18,16,6000,12000,0,1500,10
6,1,1,100,200,0,0,10
6,2,2,200,400,0,0,10
6,3,3,300,600,0,100,10
6,4,4,500,1000,0,100,10
6,5,5,800,1600,0,200,10
6,6,6,1000,2000,0,200,10
6,7,7,1500,3000,0,400,10
6,8,8,2000,4000,0,500,10
6,9,9,2500,5000,0,600,10
6,10,10,3000,6000,0,800,10
6,11,11,4000,8000,0,1000,10
6,12,12,5000,10000,0,1200,10
7,1,1,100,200,0,0,10
7,2,2,200,400,0,0,10
7,3,3,300,600,0,0,10
7,4,4,400,800,0,0,10
7,5,5,500,1000,0,100,10
7,6,-1,0,0,0,0,10
7,7,6,600,1200,0,100,10
7,8,7,800,1600,0,200,10
7,9,8,1000,2000,0,200,10
7,10,9,1200,2400,0,300,10
7,11,10,1500,3000,0,400,10
7,12,-1,0,0,0,0,10
7,13,11,2000,4000,0,500,10
7,14,12,2500,5000,0,600,10
7,15,13,3000,6000,0,800,10
7,16,14,4000,8000,0,1000,10
7,17,15,5000,10000,0,1200,10
7,18,16,6000,12000,0,1500,10
8,1,1,100,200,0,0,20
8,2,2,200,400,0,0,20
8,3,3,300,600,0,0,20
8,4,4,400,800,0,100,20
8,5,-1,0,0,0,0,20
8,6,5,500,1000,0,100,20
8,7,6,600,1200,0,100,20
8,8,7,800,1600,0,200,20
8,9,8,1000,2000,0,200,20
8,10,-1,0,0,0,0,20
8,11,9,1200,2400,0,300,20
8,12,10,1500,3000,0,400,20
8,13,11,2000,4000,0,500,20
9,1,1,100,200,0,0,10
9,2,2,200,400,0,0,10
9,3,3,300,600,0,0,10
9,4,4,400,800,0,100,10
9,5,5,600,1200,0,100,10
9,6,6,800,1600,0,200,10
9,7,7,1000,2000,0,200,10
9,8,8,1200,2400,0,300,10
9,9,9,1500,3000,0,400,10
9,10,10,2000,4000,0,500,10
9,11,11,2500,5000,0,600,10
9,12,12,3000,6000,0,800,10
10,1,1,100,200,0,0,20
10,2,2,200,400,0,0,20
10,3,3,300,600,0,0,20
10,4,4,400,800,0,0,20
10,5,5,500,1000,0,100,20
10,6,-1,0,0,0,0,20
10,7,6,600,1200,0,100,20
10,8,7,800,1600,0,200,20
10,9,8,1000,2000,0,200,20
10,10,9,1200,2400,0,300,20
10,11,10,1500,3000,0,400,20
10,12,-1,0,0,0,0,20
10,13,11,2000,4000,0,500,20
10,14,12,2500,5000,0,600,20
10,15,13,3000,6000,0,800,20
11,1,1,100,200,0,0,10
11,2,2,200,400,0,0,10
11,3,3,400,800,0,100,10
11,4,4,600,1200,0,100,10
11,5,5,800,1600,0,200,10
11,6,6,1000,2000,0,200,10
11,7,7,1500,3000,0,400,10
12,1,1,100,200,0,0,15
12,2,2,200,400,0,0,15
12,3,3,300,600,0,0,15
12,4,4,400,800,0,100,15
12,5,5,500,1000,0,100,15
12,6,6,600,1200,0,100,15
12,7,7,800,1600,0,200,15
12,8,8,1000,2000,0,200,15
12,9,9,1200,2400,0,300,15
12,10,10,1500,3000,0,400,15
12,11,11,2000,4000,0,500,15
12,12,12,2500,5000,0,600,15
12,13,13,3000,6000,0,800,15
12,14,14,4000,8000,0,1000,15
13,1,1,100,200,0,0,25
13,2,2,200,400,0,0,25
13,3,3,300,600,0,0,25
13,4,4,400,800,0,100,25
13,5,5,500,1000,0,100,25
13,6,-1,0,0,0,0,25
13,7,6,600,1200,0,100,25
13,8,7,800,1600,0,200,25
13,9,8,1000,2000,0,200,25
13,10,9,1200,2400,0,300,25
13,11,-1,0,0,0,0,25
13,12,11,1500,3000,0,400,25
13,13,12,2000,4000,0,500,25
14,1,1,100,200,0,0,15
14,2,2,200,400,0,0,15
14,3,3,400,800,0,100,15
14,4,4,600,1200,0,100,15
14,5,5,800,1600,0,200,15
14,6,6,1000,2000,0,200,15
14,7,7,1500,3000,0,400,15
15,1,1,100,200,0,0,25
15,2,2,200,400,0,0,25
15,3,3,300,600,0,0,25
15,4,4,400,800,0,100,25
15,5,5,500,1000,0,100,25
15,6,6,600,1200,0,100,25
15,7,7,800,1600,0,200,25
15,8,8,1000,2000,0,200,25
15,9,9,1200,2400,0,300,25
15,10,10,1500,3000,0,400,25
15,11,11,2000,4000,0,500,25
15,12,12,2500,5000,0,600,25
16,1,1,100,200,0,0,20
16,2,2,200,400,0,100,20
16,3,3,300,600,0,100,20
16,4,4,400,800,0,100,20
16,5,5,600,1200,0,200,20
16,6,6,800,1600,0,200,20
16,7,7,1000,2000,0,300,20
16,8,8,1500,3000,0,400,20
16,9,9,2000,4000,0,500,20
17,1,1,100,200,0,0,20
17,2,2,200,400,0,100,20
17,3,3,300,600,0,100,20
17,4,4,400,800,0,100,20
17,5,5,600,1200,0,200,20
17,6,6,800,1600,0,200,20
17,7,7,1000,2000,0,300,20
17,8,8,1500,3000,0,400,20
17,9,9,2000,4000,0,500,20
18,1,1,100,200,0,0,15
18,2,2,200,400,0,100,15
18,3,3,400,800,0,100,15
18,4,4,600,1200,0,200,15
18,5,5,800,1600,0,200,15
18,6,6,1000,2000,0,300,15
18,7,7,1500,3000,0,400,15
18,8,8,2000,4000,0,500,15
18,9,9,3000,6000,0,800,15
18,10,10,4000,8000,0,1000,15
19,1,1,100,200,0,0,30
19,2,2,200,400,0,100,30
19,3,3,300,600,0,100,30
19,4,4,400,800,0,100,30
19,5,5,500,1000,0,100,30
19,6,-1,0,0,0,0,15
19,7,6,600,1200,0,200,30
19,8,7,800,1600,0,200,30
19,9,8,1000,2000,0,300,30
19,10,9,1200,2400,0,300,30
19,11,10,1500,3000,0,400,30
19,12,-1,0,0,0,0,15
19,13,11,2000,4000,0,500,30
19,14,12,2500,5000,0,600,30
19,15,13,3000,6000,0,800,30
19,16,14,4000,8000,0,1000,30
19,17,15,5000,10000,0,1200,30
19,18,16,6000,12000,0,1500,30
20,1,1,100,200,0,0,40
20,2,2,200,400,0,100,40
20,3,3,300,600,0,100,40
20,4,4,400,800,0,100,40
20,5,5,500,1000,0,100,40
20,6,6,600,1200,0,100,40
20,7,-1,0,0,0,0,20
20,8,7,800,1600,0,200,40
20,9,8,1000,2000,0,300,40
20,10,9,1200,2400,0,300,40
20,11,10,1500,3000,0,400,40
20,12,11,2000,4000,0,500,40
20,13,-1,0,0,0,0,20
20,14,12,2500,5000,0,600,40
20,15,13,3000,6000,0,800,40
20,16,14,4000,8000,0,1000,40
20,17,15,5000,10000,0,1200,40
20,18,16,6000,12000,0,1500,40
20,19,17,8000,16000,0,2000,40
20,20,18,10000,20000,0,2500,40
21,1,1,100,200,0,0,20
21,2,2,200,400,0,100,20
21,3,3,300,600,0,100,20
21,4,4,400,800,0,100,20
21,5,5,600,1200,0,200,20
21,6,6,800,1600,0,200,20
21,7,7,1000,2000,0,300,20
21,8,8,1500,3000,0,400,20
21,9,9,2000,4000,0,500,20
21,10,10,2500,5000,0,600,20
21,11,11,3000,6000,0,800,20
21,12,12,4000,8000,0,1000,20
22,1,1,100,200,0,0,12
22,2,2,200,400,0,0,12
22,3,3,300,600,0,100,12
22,4,4,500,1000,0,100,12
22,5,5,800,1600,0,200,12
22,6,6,1000,2000,0,200,12
22,7,7,1500,3000,0,400,12
22,8,8,2000,4000,0,500,12
22,9,9,3000,6000,0,800,12
22,10,10,4000,8000,0,1000,12
23,1,1,100,200,0,0,20
23,2,2,200,400,0,100,20
23,3,3,300,600,0,100,20
23,4,4,400,800,0,100,20
23,5,5,600,1200,0,200,20
23,6,-1,0,0,0,0,10
23,7,6,800,1600,0,200,20
23,8,7,1000,2000,0,300,20
23,9,8,1500,3000,0,400,20
23,10,9,2000,4000,0,500,20
23,11,10,2500,5000,0,600,20
23,12,11,3000,6000,0,800,20
23,13,12,4000,8000,0,1000,20
24,1,1,100,200,0,0,15
24,2,2,200,400,0,100,15
24,3,3,300,600,0,100,15
24,4,4,400,800,0,100,15
24,5,5,600,1200,0,200,15
24,6,6,800,1600,0,200,15
24,7,7,1000,2000,0,300,15
24,8,8,1500,3000,0,400,15
24,9,9,2000,4000,0,500,15
24,10,10,2500,5000,0,600,15
24,11,11,3000,6000,0,800,15
24,12,12,4000,8000,0,1000,15
25,1,1,100,200,0,0,20
25,2,2,200,400,0,100,20
25,3,3,300,600,0,100,20
25,4,4,400,800,0,100,20
25,5,5,600,1200,0,200,20
25,6,-1,0,0,0,0,10
25,7,6,800,1600,0,200,20
25,8,7,1000,2000,0,300,20
25,9,8,1500,3000,0,400,20
25,10,9,2000,4000,0,500,20
25,11,10,2500,5000,0,600,20
25,12,11,3000,6000,0,800,20
25,13,12,4000,8000,0,1000,20
26,1,1,100,200,0,0,20
26,2,2,200,400,0,100,20
26,3,3,300,600,0,100,20
26,4,4,400,800,0,100,20
26,5,5,600,1200,0,200,20
26,6,6,800,1600,0,200,20
26,7,7,1000,2000,0,300,20
26,8,8,1500,3000,0,400,20
26,9,9,2000,4000,0,500,20
26,10,10,2500,5000,0,600,20
26,11,11,3000,6000,0,800,20
26,12,12,4000,8000,0,1000,20
27,1,1,100,200,0,0,20
27,2,2,200,400,0,100,20
27,3,3,300,600,0,100,20
27,4,4,400,800,0,100,20
27,5,5,600,1200,0,200,20
27,6,6,800,1600,0,200,20
27,7,7,1000,2000,0,300,20
27,8,8,1500,3000,0,400,20
27,9,9,2000,4000,0,500,20
27,10,10,2500,5000,0,600,20
27,11,11,3000,6000,0,800,20
27,12,12,4000,8000,0,1000,20
28,1,1,100,200,0,0,20
28,2,2,200,400,0,100,20
28,3,3,300,600,0,100,20
28,4,4,400,800,0,100,20
28,5,5,600,1200,0,200,20
28,6,6,800,1600,0,200,20
28,7,7,1000,2000,0,300,20
28,8,8,1500,3000,0,400,20
28,9,9,2000,4000,0,500,20
28,10,10,2500,5000,0,600,20
28,11,11,3000,6000,0,800,20
28,12,12,4000,8000,0,1000,20
29,1,1,100,200,0,0,30
29,2,2,200,400,0,100,30
29,3,3,300,600,0,100,30
29,4,4,400,800,0,100,30
29,5,5,600,1200,0,200,30
29,6,-1,0,0,0,0,15
29,7,6,800,1600,0,200,30
29,8,7,1000,2000,0,300,30
29,9,8,1500,3000,0,400,30
29,10,9,2000,4000,0,500,30
29,11,10,2500,5000,0,600,30
29,12,11,3000,6000,0,800,30
29,13,12,4000,8000,0,1000,30
30,1,1,100,200,0,0,30
30,2,2,200,400,0,100,30
30,3,3,300,600,0,100,30
30,4,4,400,800,0,100,30
30,5,5,600,1200,0,200,30
30,6,6,800,1600,0,200,30
30,7,7,1000,2000,0,300,30
30,8,8,1500,3000,0,400,30
30,9,9,2000,4000,0,500,30
30,10,10,2500,5000,0,600,30
30,11,11,3000,6000,0,800,30
30,12,12,4000,8000,0,1000,30
31,1,1,100,200,0,0,10
31,2,2,200,400,0,100,10
31,3,3,300,600,0,100,10
31,4,4,400,800,0,100,10
31,5,5,600,1200,0,200,10
31,6,6,800,1600,0,200,10
31,7,7,1000,2000,0,300,10
31,8,8,1500,3000,0,400,10
31,9,9,2000,4000,0,500,10
31,10,10,2500,5000,0,600,10
31,11,11,3000,6000,0,800,10
31,12,12,4000,8000,0,1000,10
32,1,1,100,200,0,0,8
32,2,2,200,400,0,100,8
32,3,3,300,600,0,100,8
32,4,4,400,800,0,100,8
32,5,5,600,1200,0,200,8
32,6,6,800,1600,0,200,8
32,7,7,1000,2000,0,300,8
32,8,8,1500,3000,0,400,8
32,9,9,2000,4000,0,500,8
32,10,10,2500,5000,0,600,8
32,11,11,3000,6000,0,800,8
32,12,12,4000,8000,0,1000,8
33,1,1,100,200,0,0,12
33,2,2,200,400,0,100,12
33,3,3,300,600,0,100,12
33,4,4,400,800,0,100,12
33,5,5,600,1200,0,200,12
33,6,6,800,1600,0,200,12
33,7,7,1000,2000,0,300,12
33,8,8,1500,3000,0,400,12
33,9,9,2000,4000,0,500,12
33,10,10,2500,5000,0,600,12
33,11,11,3000,6000,0,800,12
33,12,12,4000,8000,0,1000,12
34,1,1,100,200,0,0,10
34,2,2,200,400,0,100,10
34,3,3,300,600,0,100,10
34,4,4,400,800,0,100,10
34,5,5,600,1200,0,200,10
34,6,6,800,1600,0,200,10
34,7,7,1000,2000,0,300,10
34,8,8,1500,3000,0,400,10
34,9,9,2000,4000,0,500,10
34,10,10,2500,5000,0,600,10
34,11,11,3000,6000,0,800,10
34,12,12,4000,8000,0,1000,10
35,1,1,100,200,0,0,8
35,2,2,200,400,0,100,8
35,3,3,300,600,0,100,8
35,4,4,400,800,0,100,8
35,5,5,600,1200,0,200,8
35,6,6,800,1600,0,200,8
35,7,7,1000,2000,0,300,8
35,8,8,1500,3000,0,400,8
35,9,9,2000,4000,0,500,8
35,10,10,2500,5000,0,600,8
35,11,11,3000,6000,0,800,8
35,12,12,4000,8000,0,1000,8
36,1,1,100,200,0,0,12
36,2,2,200,400,0,100,12
36,3,3,300,600,0,100,12
36,4,4,400,800,0,100,12
36,5,5,600,1200,0,200,12
36,6,6,800,1600,0,200,12
36,7,7,1000,2000,0,300,12
36,8,8,1500,3000,0,400,12
36,9,9,2000,4000,0,500,12
36,10,10,2500,5000,0,600,12
36,11,11,3000,6000,0,800,12
36,12,12,4000,8000,0,1000,12
37,1,1,100,200,0,0,15
37,2,2,200,400,0,100,15
37,3,3,300,600,0,100,15
37,4,4,400,800,0,100,15
37,5,5,600,1200,0,200,15
37,6,6,800,1600,0,200,15
37,7,7,1000,2000,0,300,15
37,8,8,1500,3000,0,400,15
37,9,9,2000,4000,0,500,15
37,10,10,2500,5000,0,600,15
37,11,11,3000,6000,0,800,15
37,12,12,4000,8000,0,1000,15
38,1,1,100,200,0,0,8
38,2,2,200,400,0,100,8
38,3,3,300,600,0,100,8
38,4,4,400,800,0,100,8
38,5,5,600,1200,0,200,8
38,6,6,800,1600,0,200,8
38,7,7,1000,2000,0,300,8
38,8,8,1500,3000,0,400,8
38,9,9,2000,4000,0,500,8
38,10,10,2500,5000,0,600,8
38,11,11,3000,6000,0,800,8
38,12,12,4000,8000,0,1000,8
39,1,1,100,200,0,0,10
39,2,2,200,400,0,100,10
39,3,3,300,600,0,100,10
39,4,4,400,800,0,100,10
39,5,5,600,1200,0,200,10
39,6,6,800,1600,0,200,10
39,7,7,1000,2000,0,300,10
39,8,8,1500,3000,0,400,10
39,9,9,2000,4000,0,500,10
39,10,10,2500,5000,0,600,10
39,11,11,3000,6000,0,800,10
39,12,12,4000,8000,0,1000,10
40,1,1,100,200,0,0,12
40,2,2,200,400,0,100,12
40,3,3,300,600,0,100,12
40,4,4,400,800,0,100,12
40,5,5,600,1200,0,200,12
40,6,6,800,1600,0,200,12
40,7,7,1000,2000,0,300,12
40,8,8,1500,3000,0,400,12
40,9,9,2000,4000,0,500,12
40,10,10,2500,5000,0,600,12
40,11,11,3000,6000,0,800,12
40,12,12,4000,8000,0,1000,12
41,1,1,100,200,200,0,45
41,2,2,200,300,300,0,45
41,3,3,200,400,400,0,45
41,4,4,300,500,500,0,45
41,5,5,300,600,600,0,45
41,6,6,400,800,800,0,45
41,7,7,500,1000,1000,0,45
41,8,8,600,1200,1200,0,45
41,9,9,1000,1500,1500,0,45
41,10,10,1000,2000,2000,0,45
41,11,11,1500,2500,2500,0,45
41,12,12,1500,3000,3000,0,45
41,13,-1,0,0,0,0,45
41,14,13,2000,4000,4000,0,45
41,15,14,2500,5000,5000,0,45
41,16,15,3000,6000,6000,0,45
42,1,16,4000,8000,8000,0,20
42,2,17,5000,10000,10000,0,20
42,3,18,6000,12000,12000,0,20
42,4,-1,0,0,0,0,20
43,1,19,10000,15000,15000,0,20
43,2,20,10000,20000,20000,0,20
43,3,-1,0,0,0,0,20
44,1,19,10000,15000,15000,0,20
44,2,20,10000,20000,20000,0,20
45,1,16,4000,8000,8000,0,45
45,2,17,5000,10000,10000,0,45
45,3,18,6000,12000,12000,0,45
45,4,-1,0,0,0,0,45
45,5,19,10000,15000,15000,0,45
45,6,20,10000,20000,20000,0,45
45,7,21,15000,25000,25000,0,45
45,8,-1,0,0,0,0,45
45,9,22,15000,30000,30000,0,45
45,10,23,20000,40000,40000,0,45
45,11,24,25000,50000,50000,0,45
45,12,-1,0,0,0,0,45
45,13,25,30000,60000,60000,0,45
45,14,26,40000,80000,80000,0,45
45,15,27,50000,100000,100000,0,45
45,16,-1,0,0,0,0,45
45,17,28,60000,120000,120000,0,45
45,18,29,75000,150000,150000,0,45
45,19,30,100000,200000,200000,0,45
45,20,-1,0,0,0,0,45
46,1,31,125000,250000,250000,0,45
46,2,32,150000,300000,300000,0,45
46,3,33,200000,400000,400000,0,45
46,4,-1,0,0,0,0,45
46,5,34,250000,500000,500000,0,45
46,6,35,300000,600000,600000,0,45
46,7,36,400000,800000,800000,0,45
46,8,-1,0,0,0,0,45
46,9,37,500000,1000000,1000000,0,45
46,10,38,600000,1200000,1200000,0,45
46,11,39,1000000,1500000,1500000,0,45
46,12,-1,0,0,0,0,45
46,13,40,1000000,2000000,2000000,0,45
46,14,41,1500000,2500000,2500000,0,45
46,15,42,1500000,3000000,3000000,0,45
46,16,-1,0,0,0,0,45
46,17,43,2000000,4000000,4000000,0,45
46,18,44,2500000,5000000,5000000,0,45
46,19,45,3000000,6000000,6000000,0,45
46,20,-1,0,0,0,0,45
46,21,46,4000000,8000000,8000000,0,45
46,22,47,5000000,10000000,10000000,0,45
46,23,48,6000000,12000000,12000000,0,45
46,24,-1,0,0,0,0,45
46,25,49,10000000,15000000,15000000,0,45
46,26,50,10000000,20000000,20000000,0,45
46,27,-1,0,0,0,0,45
47,1,1,100,200,200,0,25
47,2,2,200,300,300,0,25
47,3,3,200,400,400,0,25
47,4,4,300,600,600,0,25
47,5,-1,0,0,0,0,25
47,6,5,400,800,800,0,25
47,7,6,500,1000,1000,0,25
47,8,7,600,1200,1200,0,25
47,9,8,1000,1500,1500,0,25
47,10,-1,0,0,0,0,20
47,11,9,1000,2000,2000,0,20
47,12,10,1500,3000,3000,0,20
47,13,11,2000,4000,4000,0,20
47,14,12,3000,6000,6000,0,20
47,15,13,4000,8000,8000,0,20
47,16,14,5000,10000,10000,0,20
47,17,15,6000,12000,12000,0,20
47,18,-1,0,0,0,0,20
47,19,16,10000,15000,15000,0,20
47,20,17,10000,20000,20000,0,20
47,21,18,15000,30000,30000,0,20
47,22,19,20000,40000,40000,0,20
47,23,20,30000,60000,60000,0,20
47,24,21,40000,80000,80000,0,20
47,25,22,50000,100000,100000,0,20
47,26,23,60000,120000,120000,0,20
47,27,24,75000,150000,150000,0,20
47,28,25,100000,200000,200000,0,20
47,29,26,150000,300000,300000,0,20
47,30,27,200000,400000,400000,0,20
47,31,28,300000,600000,600000,0,20
47,32,29,400000,800000,800000,0,20
47,33,30,500000,1000000,1000000,0,20
47,34,31,600000,1200000,1200000,0,20
47,35,32,1000000,1500000,1500000,0,20
47,36,33,1000000,2000000,2000000,0,20
47,37,34,1500000,3000000,3000000,0,20
47,38,-1,0,0,0,0,20
48,1,1,100,200,200,0,30
48,2,2,200,300,300,0,30
48,3,3,200,400,400,0,30
48,4,4,300,500,500,0,30
48,5,-1,0,0,0,0,30
48,6,5,300,600,600,0,30
48,7,6,400,800,800,0,30
48,8,7,500,1000,1000,0,30
48,9,8,600,1200,1200,0,30
48,10,-1,0,0,0,0,30
48,11,9,1000,1500,1500,0,30
48,12,10,1000,2000,2000,0,30
48,13,11,1500,3000,3000,0,30
48,14,12,2000,4000,4000,0,30
48,15,-1,0,0,0,0,30
48,16,13,2500,5000,5000,0,30
48,17,14,3000,6000,6000,0,30
48,18,15,4000,8000,8000,0,30
48,19,16,5000,10000,10000,0,30
49,1,3,200,400,400,0,30
49,2,4,300,500,500,0,30
49,3,-1,0,0,0,0,30
49,4,5,300,600,600,0,30
49,5,6,400,800,800,0,30
49,6,7,500,1000,1000,0,30
49,7,8,600,1200,1200,0,30
49,8,-1,0,0,0,0,30
49,9,9,1000,1500,1500,0,30
49,10,10,1000,2000,2000,0,30
49,11,11,1500,3000,3000,0,30
49,12,12,2000,4000,4000,0,30
49,13,-1,0,0,0,0,30
49,14,13,2500,5000,5000,0,30
49,15,14,3000,6000,6000,0,30
49,16,15,4000,8000,8000,0,30
49,17,16,5000,10000,10000,0,30
50,1,6,400,800,800,0,30
50,2,7,500,1000,1000,0,30
50,3,8,600,1200,1200,0,30
50,4,-1,0,0,0,0,30
50,5,9,1000,1500,1500,0,30
50,6,10,1000,2000,2000,0,30
50,7,11,1500,3000,3000,0,30
50,8,12,2000,4000,4000,0,30
50,9,-1,0,0,0,0,30
50,10,13,2500,5000,5000,0,30
50,11,14,3000,6000,6000,0,30
50,12,15,4000,8000,8000,0,30
50,13,16,5000,10000,10000,0,30
51,1,17,6000,12000,12000,0,30
51,2,18,10000,15000,15000,0,30
51,3,19,10000,20000,20000,0,30
51,4,20,15000,30000,30000,0,30
51,5,-1,0,0,0,0,30
51,6,21,20000,40000,40000,0,30
51,7,22,25000,50000,50000,0,30
51,8,23,30000,60000,60000,0,30
51,9,24,40000,80000,80000,0,30
51,10,-1,0,0,0,0,30
51,11,25,50000,100000,100000,0,30
51,12,26,60000,120000,120000,0,30
51,13,27,75000,150000,150000,0,30
51,14,28,100000,200000,200000,0,30
51,15,-1,0,0,0,0,30
51,16,29,150000,300000,300000,0,30
51,17,30,200000,400000,400000,0,30
51,18,31,250000,500000,500000,0,30
51,19,32,300000,600000,600000,0,30
51,20,-1,0,0,0,0,30
51,21,33,400000,800000,800000,0,30
51,22,34,500000,1000000,1000000,0,30
51,23,35,600000,1200000,1200000,0,30
51,24,36,1000000,1500000,1500000,0,30
51,25,37,1000000,2000000,2000000,0,30
51,26,38,1500000,3000000,3000000,0,30
51,27,39,2000000,4000000,4000000,0,30
51,28,40,2500000,5000000,5000000,0,30
51,29,-1,0,0,0,0,30
52,1,1,0,0,0,0,100
52,2,-1,0,0,0,0,30
52,3,2,0,0,0,0,100
52,4,-1,0,0,0,0,10
52,5,3,0,0,0,0,100
52,6,-1,0,0,0,0,10
52,7,4,0,0,0,0,100
53,1,1,200,400,0,0,15
53,2,2,300,500,0,0,15
53,3,3,300,600,0,0,15
53,4,4,400,800,0,0,15
53,5,5,500,1000,0,0,15
53,6,6,800,1500,0,0,15
53,7,7,1000,2000,0,0,15
53,8,8,1500,3000,0,0,15
53,9,9,2000,4000,0,0,15
53,10,10,3000,6000,0,0,15
53,11,11,4000,8000,0,0,15
53,12,12,5000,10000,0,0,15
53,13,13,8000,15000,0,0,15
53,14,14,10000,20000,0,0,15
53,15,15,15000,30000,0,0,15
53,16,16,20000,40000,0,0,15
53,17,17,30000,60000,0,0,15
53,18,18,40000,80000,0,0,15
53,19,19,50000,100000,0,0,15
54,1,1,200,400,0,0,15
54,2,2,300,500,0,0,15
54,3,3,300,600,0,0,15
54,4,4,400,800,0,0,15
54,5,5,500,1000,0,0,15
54,6,6,800,1500,0,0,15
54,7,7,1000,2000,0,0,15
54,8,8,1500,3000,0,0,15
54,9,9,2000,4000,0,0,15
54,10,10,3000,6000,0,0,15
54,11,11,4000,8000,0,0,15
54,12,12,5000,10000,0,0,15
54,13,13,8000,15000,0,0,15
54,14,14,10000,20000,0,0,15
54,15,15,15000,30000,0,0,15
54,16,16,20000,40000,0,0,15
54,17,17,30000,60000,0,0,15
54,18,18,40000,80000,0,0,15
54,19,19,50000,100000,0,0,15
55,1,1,100,200,200,0,15
55,2,2,200,400,400,0,15
55,3,3,300,600,600,0,15
55,4,4,400,800,800,0,15
55,5,5,500,1000,1000,0,15
55,6,6,1000,1500,1500,0,15
55,7,7,1000,2000,2000,0,15
55,8,8,1500,3000,3000,0,15
55,9,9,2000,4000,4000,0,15
55,10,10,3000,6000,6000,0,15
55,11,11,4000,8000,8000,0,15
55,12,12,5000,10000,10000,0,15
55,13,13,10000,15000,15000,0,15
55,14,14,10000,20000,20000,0,15
55,15,15,15000,30000,30000,0,15
55,16,16,20000,40000,40000,0,15
55,17,17,30000,60000,60000,0,15
55,18,18,40000,80000,80000,0,15
55,19,19,50000,100000,100000,0,15
56,1,1,100,200,200,0,25
56,2,2,200,300,300,0,25
56,3,3,200,400,400,0,25
56,4,4,300,500,500,0,25
56,5,5,300,600,600,0,25
56,6,-1,0,0,0,0,25
56,7,6,400,800,800,0,25
56,8,7,500,1000,1000,0,25
56,9,8,600,1200,1200,0,25
56,10,9,1000,1500,1500,0,25
56,11,10,1000,2000,2000,0,25
56,12,-1,0,0,0,0,20
56,13,11,1500,3000,3000,0,20
56,14,12,2000,4000,4000,0,20
56,15,13,2500,5000,5000,0,20
56,16,14,3000,6000,6000,0,20
56,17,15,4000,8000,8000,0,20
56,18,16,5000,10000,10000,0,20
56,19,-1,0,0,0,0,20
56,20,17,6000,12000,12000,0,20
56,21,18,10000,15000,15000,0,20
56,22,19,10000,20000,20000,0,20
56,23,20,15000,30000,30000,0,20
56,24,21,20000,40000,40000,0,20
56,25,22,25000,50000,50000,0,20
56,26,-1,0,0,0,0,20
56,27,23,30000,60000,60000,0,20
56,28,24,40000,80000,80000,0,20
56,29,25,50000,100000,100000,0,20
56,30,26,60000,120000,120000,0,20
56,31,27,75000,150000,150000,0,20
56,32,28,100000,200000,200000,0,20
56,33,29,150000,300000,300000,0,20
56,34,30,200000,400000,400000,0,20
56,35,31,250000,500000,500000,0,20
56,36,32,300000,600000,600000,0,20
56,37,33,400000,800000,800000,0,20
56,38,34,500000,1000000,1000000,0,20
56,39,35,600000,1200000,1200000,0,20
56,40,-1,0,0,0,0,20
57,1,1,100,200,200,0,20
57,2,2,200,300,300,0,20
57,3,3,200,400,400,0,20
57,4,4,300,600,600,0,20
57,5,5,400,800,800,0,20
57,6,6,500,1000,1000,0,20
57,7,-1,0,0,0,0,20
57,8,7,600,1200,1200,0,20
57,9,8,1000,1500,1500,0,20
57,10,9,1000,2000,2000,0,15
57,11,10,1500,3000,3000,0,15
57,12,11,2000,4000,4000,0,15
57,13,12,3000,6000,6000,0,15
57,14,13,4000,8000,8000,0,15
57,15,-1,0,0,0,0,15
57,16,14,5000,10000,10000,0,15
57,17,15,6000,12000,12000,0,15
57,18,16,10000,15000,15000,0,15
57,19,17,10000,20000,20000,0,15
57,20,18,15000,30000,30000,0,15
57,21,19,20000,40000,40000,0,15
57,22,20,30000,60000,60000,0,15
57,23,21,40000,80000,80000,0,15
57,24,22,50000,100000,100000,0,15
57,25,23,60000,120000,120000,0,15
57,26,24,75000,150000,150000,0,15
57,27,25,100000,200000,200000,0,15
57,28,26,150000,300000,300000,0,15
57,29,27,200000,400000,400000,0,15
57,30,28,300000,600000,600000,0,15
57,31,29,400000,800000,800000,0,15
57,32,30,500000,1000000,1000000,0,15
57,33,31,600000,1200000,1200000,0,15
57,34,32,1000000,1500000,1500000,0,15
57,35,33,1000000,2000000,2000000,0,15
57,36,-1,0,0,0,0,15
58,1,1,200,300,0,0,40
58,2,2,200,400,0,0,40
58,3,3,300,500,0,0,40
58,4,-1,0,0,0,0,40
58,5,4,300,600,0,0,40
58,6,5,400,800,0,0,40
58,7,6,500,1000,0,0,40
58,8,-1,0,0,0,0,40
58,9,7,600,1200,0,0,40
58,10,8,1000,1500,0,0,40
58,11,9,1000,2000,0,0,40
58,12,-1,0,0,0,0,40
58,13,10,1500,2500,0,0,40
58,14,11,1500,3000,0,0,40
58,15,12,2000,4000,0,0,40
58,16,-1,0,0,0,0,40
58,17,13,2500,5000,0,0,40
59,1,1,200,300,0,0,40
59,2,2,200,400,0,0,40
59,3,3,300,500,0,0,40
59,4,-1,0,0,0,0,40
59,5,4,300,600,0,0,40
59,6,5,400,800,0,0,40
59,7,6,500,1000,0,0,40
59,8,-1,0,0,0,0,40
59,9,7,600,1200,0,0,40
59,10,8,1000,1500,0,0,40
59,11,9,1000,2000,0,0,40
59,12,-1,0,0,0,0,40
59,13,10,1500,2500,0,0,40
59,14,11,1500,3000,0,0,40
59,15,12,2000,4000,0,0,40
59,16,-1,0,0,0,0,40
59,17,13,2500,5000,0,0,40
60,1,14,3000,6000,0,0,40
60,2,15,4000,8000,0,0,40
60,3,16,5000,10000,0,0,40
60,4,-1,0,0,0,0,40
60,5,17,6000,12000,0,0,40
60,6,18,10000,15000,0,0,40
60,7,19,10000,20000,0,0,40
60,8,-1,0,0,0,0,40
60,9,20,15000,25000,0,0,40
60,10,21,15000,30000,0,0,40
60,11,22,20000,40000,0,0,40
60,12,23,25000,50000,0,0,40
60,13,24,30000,60000,0,0,40
60,14,25,40000,80000,0,0,40
60,15,-1,0,0,0,0,40
60,16,26,50000,100000,0,0,40
60,17,27,60000,120000,0,0,40
60,18,28,75000,150000,0,0,40
60,19,29,100000,200000,0,0,40
60,20,30,125000,250000,0,0,40
60,21,31,150000,300000,0,0,40
60,22,32,200000,400000,0,0,40
60,23,33,200000,400000,0,0,40
61,1,1,100,200,200,0,20
61,2,2,200,300,300,0,20
61,3,3,200,400,400,0,20
61,4,4,300,500,500,0,20
61,5,5,300,600,600,0,20
61,6,6,400,800,800,0,20
61,7,-1,0,0,0,0,20
61,8,7,500,1000,1000,0,20
61,9,8,600,1200,1200,0,20
61,10,9,1000,1500,1500,0,20
61,11,10,1000,2000,2000,0,20
61,12,11,1500,3000,3000,0,20
61,13,12,2000,4000,4000,0,20
61,14,-1,0,0,0,0,20
61,15,13,3000,6000,6000,0,20
61,16,14,4000,8000,8000,0,20
61,17,15,5000,10000,10000,0,20
61,18,16,6000,12000,12000,0,20
61,19,17,10000,15000,15000,0,20
61,20,18,10000,20000,20000,0,20
61,21,-1,0,0,0,0,20
61,22,19,15000,30000,30000,0,20
61,23,20,20000,40000,40000,0,20
61,24,21,30000,60000,60000,0,20
61,25,22,40000,80000,80000,0,20
61,26,23,50000,100000,100000,0,20
61,27,24,60000,120000,120000,0,20
61,28,25,75000,150000,150000,0,20
61,29,26,100000,200000,200000,0,20
61,30,27,150000,300000,300000,0,20
61,31,28,200000,400000,400000,0,20
61,32,29,300000,600000,600000,0,20
61,33,30,400000,800000,800000,0,20
61,34,31,500000,1000000,1000000,0,20
61,35,32,600000,1200000,1200000,0,20
61,36,33,1000000,1500000,1500000,0,20
61,37,34,1000000,2000000,2000000,0,20
61,38,-1,0,0,0,0,20
62,1,1,100,200,0,0,20
62,2,2,200,300,0,0,20
62,3,3,200,400,0,0,20
62,4,4,300,600,0,0,20
62,5,5,400,800,0,0,20
62,6,6,500,1000,0,0,20
62,7,-1,0,0,0,0,20
62,8,7,600,1200,0,0,20
62,9,8,1000,1500,0,0,20
62,10,9,1000,2000,0,0,20
62,11,10,1500,3000,0,0,20
62,12,11,2000,4000,0,0,20
62,13,12,2500,5000,0,0,20
62,14,-1,0,0,0,0,20
62,15,13,3000,6000,0,0,20
62,16,14,4000,8000,0,0,20
62,17,15,5000,10000,0,0,20
62,18,16,6000,12000,0,0,20
62,19,17,10000,15000,0,0,20
62,20,18,10000,20000,0,0,20
62,21,19,15000,30000,0,0,20
62,22,20,20000,40000,0,0,20
62,23,21,25000,50000,0,0,20
62,24,22,30000,60000,0,0,20
62,25,23,40000,80000,0,0,20
62,26,24,50000,100000,0,0,20
62,27,25,60000,120000,0,0,20
62,28,26,75000,150000,0,0,20
62,29,27,100000,200000,0,0,20
62,30,28,150000,300000,0,0,20
62,31,29,200000,400000,0,0,20
62,32,30,250000,500000,0,0,20
62,33,-1,0,0,0,0,20
63,1,1,100,200,200,0,20
63,2,2,200,300,300,0,20
63,3,3,200,400,400,0,20
63,4,4,300,600,600,0,20
63,5,5,400,800,800,0,20
63,6,6,500,1000,1000,0,20
63,7,-1,0,0,0,0,20
63,8,7,600,1200,1200,0,20
63,9,8,1000,1500,1500,0,20
63,10,9,1000,2000,2000,0,15
63,11,10,1500,3000,3000,0,15
63,12,11,2000,4000,4000,0,15
63,13,12,3000,6000,6000,0,15
63,14,13,4000,8000,8000,0,15
63,15,-1,0,0,0,0,15
63,16,14,5000,10000,10000,0,15
63,17,15,6000,12000,12000,0,15
63,18,16,10000,15000,15000,0,15
63,19,17,10000,20000,20000,0,15
63,20,18,15000,30000,30000,0,15
63,21,19,20000,40000,40000,0,15
63,22,20,30000,60000,60000,0,15
63,23,21,40000,80000,80000,0,15
63,24,22,50000,100000,100000,0,15
63,25,23,60000,120000,120000,0,15
63,26,24,75000,150000,150000,0,15
63,27,25,100000,200000,200000,0,15
63,28,26,150000,300000,300000,0,15
63,29,27,200000,400000,400000,0,15
63,30,28,300000,600000,600000,0,15
63,31,29,400000,800000,800000,0,15
63,32,30,500000,1000000,1000000,0,15
63,33,31,600000,1200000,1200000,0,15
63,34,32,1000000,1500000,1500000,0,15
63,35,33,1000000,2000000,2000000,0,15
63,36,-1,0,0,0,0,15
64,1,1,200,400,0,0,20
64,2,2,300,500,0,0,20
64,3,3,300,600,0,0,20
64,4,4,400,800,0,0,20
64,5,5,500,1000,0,0,20
64,6,6,600,1200,0,0,20
64,7,-1,0,0,0,0,20
64,8,7,800,1500,0,0,20
64,9,8,1000,2000,0,0,20
64,10,9,1500,3000,0,0,20
64,11,10,2000,4000,0,0,20
64,12,11,2500,5000,0,0,20
64,13,12,3000,6000,0,0,20
64,14,-1,0,0,0,0,20
64,15,13,4000,8000,0,0,20
64,16,14,5000,10000,0,0,20
64,17,15,6000,12000,0,0,20
64,18,16,8000,15000,0,0,20
64,19,17,10000,20000,0,0,20
64,20,18,15000,30000,0,0,20
64,21,19,20000,40000,0,0,20
64,22,20,25000,50000,0,0,20
64,23,21,30000,60000,0,0,20
64,24,22,40000,80000,0,0,20
64,25,23,50000,100000,0,0,20
64,26,24,60000,120000,0,0,20
64,27,25,75000,150000,0,0,20
64,28,26,100000,200000,0,0,20
64,29,27,150000,300000,0,0,20
64,30,28,200000,400000,0,0,20
64,31,29,250000,500000,0,0,20
64,32,30,300000,600000,0,0,20
64,33,-1,0,0,0,0,20
65,1,1,100,200,200,0,20
65,2,2,200,400,400,0,20
65,3,3,300,600,600,0,20
65,4,4,400,800,800,0,20
65,5,5,500,1000,1000,0,20
65,6,6,1000,1500,1500,0,15
65,7,-1,0,0,0,0,15
65,8,7,1000,2000,2000,0,15
65,9,8,1500,3000,3000,0,15
65,10,9,2000,4000,4000,0,15
65,11,10,3000,6000,6000,0,15
65,12,11,4000,8000,8000,0,15
65,13,12,5000,10000,10000,0,15
65,14,13,10000,15000,15000,0,15
65,15,14,10000,20000,20000,0,15
65,16,-1,0,0,0,0,15
65,17,15,15000,30000,30000,0,15
65,18,16,20000,40000,40000,0,15
65,19,17,30000,60000,60000,0,15
65,20,18,40000,80000,80000,0,15
65,21,19,50000,100000,100000,0,15
65,22,20,75000,150000,150000,0,15
65,23,21,100000,200000,200000,0,15
65,24,22,150000,300000,300000,0,15
65,25,23,200000,400000,400000,0,15
65,26,24,300000,600000,600000,0,15
65,27,25,400000,800000,800000,0,15
65,28,26,500000,1000000,1000000,0,15
65,29,27,1000000,1500000,1500000,0,15
65,30,-1,0,0,0,0,15
66,1,1,100,200,0,0,20
66,2,2,200,300,0,0,20
66,3,3,200,400,0,0,20
66,4,4,300,600,0,0,20
66,5,5,400,800,0,0,20
66,6,6,500,1000,0,0,20
66,7,-1,0,0,0,0,20
66,8,7,600,1200,0,0,20
66,9,8,1000,1500,0,0,20
66,10,9,1000,2000,0,0,20
66,11,10,1500,3000,0,0,20
66,12,11,2000,4000,0,0,20
66,13,12,3000,6000,0,0,20
66,14,-1,0,0,0,0,20
66,15,13,4000,8000,0,0,20
66,16,14,5000,10000,0,0,20
66,17,15,6000,12000,0,0,20
66,18,16,10000,15000,0,0,20
66,19,17,10000,20000,0,0,20
66,20,18,15000,30000,0,0,20
66,21,19,20000,40000,0,0,20
66,22,20,30000,60000,0,0,20
66,23,21,40000,80000,0,0,20
66,24,22,50000,100000,0,0,20
66,25,23,60000,120000,0,0,20
66,26,24,75000,150000,0,0,20
66,27,25,100000,200000,0,0,20
66,28,26,150000,300000,0,0,20
66,29,27,200000,400000,0,0,20
66,30,-1,0,0,0,0,20
67,1,1,100,200,200,0,15
67,2,2,200,400,400,0,15
67,3,3,300,600,600,0,15
67,4,4,400,800,800,0,15
67,5,5,500,1000,1000,0,12
67,6,6,1000,1500,1500,0,12
67,7,7,1000,2000,2000,0,12
67,8,8,1500,3000,3000,0,12
67,9,9,2000,4000,4000,0,12
67,10,10,3000,6000,6000,0,12
67,11,11,4000,8000,8000,0,12
67,12,12,5000,10000,10000,0,12
67,13,13,10000,15000,15000,0,12
67,14,14,10000,20000,20000,0,12
67,15,15,15000,30000,30000,0,12
67,16,16,20000,40000,40000,0,12
67,17,17,30000,60000,60000,0,12
67,18,18,40000,80000,80000,0,12
67,19,19,50000,100000,100000,0,12
67,20,20,75000,150000,150000,0,12
67,21,21,100000,200000,200000,0,12
67,22,22,150000,300000,300000,0,12
67,23,23,200000,400000,400000,0,12
67,24,24,300000,600000,600000,0,12
67,25,25,400000,800000,800000,0,12
68,1,1,200,400,0,0,15
68,2,2,300,500,0,0,15
68,3,3,300,600,0,0,15
68,4,4,400,800,0,0,15
68,5,5,500,1000,0,0,15
68,6,6,600,1200,0,0,15
68,7,7,800,1500,0,0,15
68,8,8,1000,2000,0,0,15
68,9,-1,0,0,0,0,15
68,10,9,1500,3000,0,0,15
68,11,10,2000,4000,0,0,15
68,12,11,2500,5000,0,0,15
68,13,12,3000,6000,0,0,15
68,14,13,4000,8000,0,0,15
68,15,14,5000,10000,0,0,15
68,16,15,6000,12000,0,0,15
68,17,16,8000,15000,0,0,15
68,18,17,10000,20000,0,0,15
68,19,18,15000,30000,0,0,15
68,20,19,20000,40000,0,0,15
68,21,20,25000,50000,0,0,15
68,22,21,30000,60000,0,0,15
68,23,22,40000,80000,0,0,15
68,24,23,50000,100000,0,0,15
68,25,24,60000,120000,0,0,15
68,26,25,75000,150000,0,0,15
68,27,26,100000,200000,0,0,15
68,28,27,150000,300000,0,0,15
68,29,28,200000,400000,0,0,15
68,30,29,250000,500000,0,0,15
68,31,30,300000,600000,0,0,15
68,32,-1,0,0,0,0,15
69,1,1,100,200,200,0,15
69,2,2,200,400,400,0,15
69,3,3,300,600,600,0,15
69,4,4,400,800,800,0,15
69,5,5,500,1000,1000,0,15
69,6,6,1000,1500,1500,0,15
69,7,7,1000,2000,2000,0,15
69,8,8,1500,3000,3000,0,15
69,9,9,2000,4000,4000,0,15
69,10,10,3000,6000,6000,0,15
69,11,11,4000,8000,8000,0,15
69,12,12,5000,10000,10000,0,15
69,13,13,10000,15000,15000,0,15
69,14,14,10000,20000,20000,0,15
69,15,15,15000,30000,30000,0,15
69,16,16,20000,40000,40000,0,15
69,17,17,30000,60000,60000,0,15
69,18,18,40000,80000,80000,0,15
69,19,19,50000,100000,100000,0,15
70,1,1,100,200,200,0,25
70,2,2,200,300,300,0,25
70,3,3,200,400,400,0,25
70,4,4,300,600,600,0,25
70,5,5,400,800,800,0,25
70,6,-1,0,0,0,0,25
70,7,6,500,1000,1000,0,25
70,8,7,600,1200,1200,0,25
70,9,8,1000,1500,1500,0,25
70,10,9,1000,2000,2000,0,25
70,11,10,1500,3000,3000,0,25
70,12,-1,0,0,0,0,25
70,13,11,2000,4000,4000,0,25
70,14,12,3000,6000,6000,0,25
70,15,13,4000,8000,8000,0,25
70,16,14,5000,10000,10000,0,25
70,17,15,6000,12000,12000,0,25
70,18,-1,0,0,0,0,25
70,19,16,10000,15000,15000,0,25
70,20,17,10000,20000,20000,0,25
70,21,18,15000,30000,30000,0,25
70,22,19,20000,40000,40000,0,25
70,23,20,30000,60000,60000,0,25
70,24,-1,0,0,0,0,25
70,25,21,40000,80000,80000,0,25
70,26,22,50000,100000,100000,0,25
70,27,23,60000,120000,120000,0,25
70,28,24,75000,150000,150000,0,25
70,29,25,100000,200000,200000,0,25
70,30,26,150000,300000,300000,0,25
70,31,27,200000,400000,400000,0,25
70,32,28,300000,600000,600000,0,25
70,33,29,400000,800000,800000,0,25
70,34,30,500000,1000000,1000000,0,25
70,35,31,600000,1200000,1200000,0,25
70,36,32,1000000,1500000,1500000,0,25
70,37,33,1000000,2000000,2000000,0,25
70,38,34,1500000,3000000,3000000,0,25
70,39,35,2000000,4000000,4000000,0,25
70,40,-1,0,0,0,0,25
71,1,1,200,400,0,0,25
71,2,2,300,500,0,0,25
71,3,3,300,600,0,0,25
71,4,4,400,800,0,0,25
71,5,5,500,1000,0,0,25
71,6,-1,0,0,0,0,25
71,7,6,600,1200,0,0,25
71,8,7,800,1500,0,0,25
71,9,8,1000,2000,0,0,25
71,10,9,1500,3000,0,0,25
71,11,10,2000,4000,0,0,25
71,12,-1,0,0,0,0,25
71,13,11,2500,5000,0,0,25
71,14,12,3000,6000,0,0,25
71,15,13,4000,8000,0,0,25
71,16,14,5000,10000,0,0,25
71,17,15,6000,12000,0,0,25
71,18,-1,0,0,0,0,25
71,19,16,8000,15000,0,0,25
71,20,17,10000,20000,0,0,25
71,21,18,15000,30000,0,0,25
71,22,19,20000,40000,0,0,25
71,23,20,25000,50000,0,0,25
71,24,-1,0,0,0,0,25
71,25,21,30000,60000,0,0,25
71,26,22,40000,80000,0,0,25
71,27,23,50000,100000,0,0,25
71,28,24,60000,120000,0,0,25
71,29,25,80000,150000,0,0,25
71,30,26,100000,200000,0,0,25
71,31,27,150000,300000,0,0,25
71,32,28,200000,400000,0,0,25
71,33,29,250000,500000,0,0,25
72,1,1,200,400,0,0,15
72,2,2,300,500,0,0,15
72,3,3,300,600,0,0,15
72,4,4,400,800,0,0,15
72,5,5,500,1000,0,0,15
72,6,6,800,1500,0,0,15
72,7,7,1000,2000,0,0,15
72,8,8,1500,3000,0,0,15
72,9,9,2000,4000,0,0,15
72,10,10,3000,6000,0,0,15
72,11,11,4000,8000,0,0,15
72,12,12,5000,10000,0,0,15
72,13,13,8000,15000,0,0,15
72,14,14,10000,20000,0,0,15
72,15,15,15000,30000,0,0,15
72,16,16,20000,40000,0,0,15
72,17,17,30000,60000,0,0,15
72,18,18,40000,80000,0,0,15
72,19,19,50000,100000,0,0,15
73,1,1,300,600,0,0,30
73,2,2,400,800,0,0,30
73,3,3,500,1000,0,0,30
73,4,4,600,1200,0,0,30
73,5,-1,0,0,0,0,30
73,6,5,800,1500,0,0,30
73,7,6,1000,2000,0,0,30
73,8,7,1500,2500,0,0,30
73,9,8,1500,3000,0,0,30
73,10,-1,0,0,0,0,30
73,11,9,2000,4000,0,0,30
73,12,10,2500,5000,0,0,30
73,13,11,3000,6000,0,0,30
73,14,12,4000,8000,0,0,30
73,15,-1,0,0,0,0,30
73,16,13,5000,10000,0,0,30
73,17,14,6000,12000,0,0,30
73,18,15,8000,15000,0,0,30
73,19,16,10000,20000,0,0,30
73,20,17,15000,25000,0,0,30
73,21,18,15000,30000,0,0,30
73,22,19,20000,40000,0,0,30
73,23,20,25000,50000,0,0,30
73,24,21,30000,60000,0,0,30
73,25,22,40000,80000,0,0,30
73,26,23,50000,100000,0,0,30
73,27,24,60000,120000,0,0,30
73,28,25,75000,150000,0,0,30
73,29,26,100000,200000,0,0,30
73,30,27,125000,250000,0,0,30
73,31,28,150000,300000,0,0,30
73,32,29,200000,400000,0,0,30
73,33,30,250000,500000,0,0,30
73,34,-1,0,0,0,0,30
74,1,1,100,200,200,0,20
74,2,2,200,300,300,0,20
74,3,3,200,400,400,0,20
74,4,4,300,600,600,0,20
74,5,5,400,800,800,0,20
74,6,6,500,1000,1000,0,20
74,7,-1,0,0,0,0,20
74,8,7,600,1200,1200,0,20
74,9,8,1000,1500,1500,0,20
74,10,9,1000,2000,2000,0,15
74,11,10,1500,3000,3000,0,15
74,12,11,2000,4000,4000,0,15
74,13,12,3000,6000,6000,0,15
74,14,13,4000,8000,8000,0,15
74,15,-1,0,0,0,0,15
74,16,14,5000,10000,10000,0,15
74,17,15,6000,12000,12000,0,15
74,18,16,10000,15000,15000,0,15
74,19,17,10000,20000,20000,0,15
74,20,18,15000,30000,30000,0,15
74,21,19,20000,40000,40000,0,15
74,22,20,30000,60000,60000,0,15
74,23,21,40000,80000,80000,0,15
74,24,22,50000,100000,100000,0,15
74,25,23,60000,120000,120000,0,15
74,26,24,75000,150000,150000,0,15
74,27,25,100000,200000,200000,0,15
74,28,26,150000,300000,300000,0,15
74,29,27,200000,400000,400000,0,15
74,30,28,300000,600000,600000,0,15
74,31,29,400000,800000,800000,0,15
74,32,30,500000,1000000,1000000,0,15
74,33,31,600000,1200000,1200000,0,15
74,34,32,1000000,1500000,1500000,0,15
74,35,33,1000000,2000000,2000000,0,15
74,36,-1,0,0,0,0,15
75,1,1,100,200,200,0,15
75,2,2,200,400,400,0,15
75,3,3,300,600,600,0,15
75,4,4,400,800,800,0,15
75,5,5,500,1000,1000,0,15
75,6,6,1000,1500,1500,0,15
75,7,7,1000,2000,2000,0,15
75,8,8,1500,3000,3000,0,15
75,9,9,2000,4000,4000,0,15
75,10,10,3000,6000,6000,0,15
75,11,11,4000,8000,8000,0,15
75,12,12,5000,10000,10000,0,15
75,13,13,10000,15000,15000,0,15
75,14,14,10000,20000,20000,0,15
75,15,15,15000,30000,30000,0,15
75,16,16,20000,40000,40000,0,15
75,17,17,30000,60000,60000,0,15
75,18,18,40000,80000,80000,0,15
75,19,19,50000,100000,100000,0,15
76,1,1,100,200,200,0,25
76,2,2,200,300,300,0,25
76,3,3,200,400,400,0,25
76,4,4,300,600,600,0,25
76,5,5,400,800,800,0,25
76,6,6,500,1000,1000,0,25
76,7,7,600,1200,1200,0,25
76,8,8,1000,1500,1500,0,25
76,9,9,1000,2000,2000,0,25
76,10,10,1500,3000,3000,0,20
76,11,11,2000,4000,4000,0,20
76,12,12,3000,6000,6000,0,20
76,13,13,4000,8000,8000,0,20
76,14,14,5000,10000,10000,0,20
76,15,15,6000,12000,12000,0,20
76,16,16,10000,15000,15000,0,20
76,17,17,10000,20000,20000,0,20
76,18,18,15000,30000,30000,0,20
76,19,19,20000,40000,40000,0,20
76,20,20,30000,60000,60000,0,20
76,21,21,40000,80000,80000,0,20
76,22,22,50000,100000,100000,0,20
76,23,23,60000,120000,120000,0,20
76,24,24,75000,150000,150000,0,20
76,25,25,100000,200000,200000,0,20
76,26,26,150000,300000,300000,0,20
76,27,27,200000,400000,400000,0,20
76,28,28,300000,600000,600000,0,20
76,29,29,400000,800000,800000,0,20
76,30,30,500000,1000000,1000000,0,20
76,31,31,600000,1200000,1200000,0,20
76,32,32,1000000,1500000,1500000,0,20
76,33,33,1000000,2000000,2000000,0,20
76,34,34,1500000,3000000,3000000,0,20
76,35,35,2000000,4000000,4000000,0,20
77,1,1,100,200,200,0,20
77,2,2,200,300,300,0,20
77,3,3,200,400,400,0,20
77,4,4,300,600,600,0,20
77,5,5,400,800,800,0,20
77,6,6,500,1000,1000,0,20
77,7,-1,0,0,0,0,20
77,8,7,600,1200,1200,0,20
77,9,8,1000,1500,1500,0,20
77,10,9,1000,2000,2000,0,20
77,11,10,1500,3000,3000,0,20
77,12,11,2000,4000,4000,0,20
77,13,12,3000,6000,6000,0,20
77,14,-1,0,0,0,0,20
77,15,13,4000,8000,8000,0,20
77,16,14,5000,10000,10000,0,20
77,17,15,6000,12000,12000,0,20
77,18,16,10000,15000,15000,0,20
77,19,17,10000,20000,20000,0,20
77,20,18,15000,30000,30000,0,20
77,21,-1,0,0,0,0,20
77,22,19,20000,40000,40000,0,20
77,23,20,30000,60000,60000,0,20
77,24,21,40000,80000,80000,0,20
77,25,22,50000,100000,100000,0,20
77,26,23,60000,120000,120000,0,20
77,27,24,75000,150000,150000,0,20
77,28,25,100000,200000,200000,0,20
77,29,26,150000,300000,300000,0,20
77,30,27,200000,400000,400000,0,20
77,31,28,300000,600000,600000,0,20
77,32,29,400000,800000,800000,0,20
77,33,30,500000,1000000,1000000,0,20
77,34,31,600000,1200000,1200000,0,20
77,35,32,1000000,1500000,1500000,0,20
77,36,33,1000000,2000000,2000000,0,20
77,37,-1,0,0,0,0,20
78,1,1,100,200,200,0,20
78,2,2,200,300,300,0,20
78,3,3,200,400,400,0,20
78,4,4,300,600,600,0,20
78,5,5,400,800,800,0,20
78,6,6,500,1000,1000,0,20
78,7,7,1000,1500,1500,0,20
78,8,8,1000,2000,2000,0,15
78,9,9,1500,3000,3000,0,15
78,10,10,2000,4000,4000,0,15
78,11,11,3000,6000,6000,0,15
78,12,12,4000,8000,8000,0,15
78,13,13,5000,10000,10000,0,15
78,14,14,10000,15000,15000,0,15
78,15,15,10000,20000,20000,0,15
78,16,16,15000,30000,30000,0,15
78,17,17,20000,40000,40000,0,15
78,18,18,30000,60000,60000,0,15
78,19,19,40000,80000,80000,0,15
78,20,20,50000,100000,100000,0,15
78,21,21,75000,150000,150000,0,15
78,22,22,100000,200000,200000,0,15
78,23,23,150000,300000,300000,0,15
78,24,24,200000,400000,400000,0,15
78,25,25,300000,600000,600000,0,15
78,26,26,400000,800000,800000,0,15
78,27,27,500000,1000000,1000000,0,15
78,28,28,1000000,1500000,1500000,0,15
78,29,29,1000000,2000000,2000000,0,15
78,30,30,1500000,3000000,3000000,0,15
79,1,1,200,400,0,0,20
79,2,2,300,500,0,0,20
79,3,3,300,600,0,0,20
79,4,4,400,800,0,0,20
79,5,5,500,1000,0,0,20
79,6,6,600,1200,0,0,20
79,7,-1,0,0,0,0,20
79,8,7,800,1500,0,0,20
79,9,8,1000,2000,0,0,20
79,10,9,1500,3000,0,0,20
79,11,10,2000,4000,0,0,20
79,12,11,3000,6000,0,0,20
79,13,12,4000,8000,0,0,20
79,14,-1,0,0,0,0,20
79,15,13,5000,10000,0,0,20
79,16,14,6000,12000,0,0,20
79,17,15,8000,15000,0,0,20
79,18,16,10000,20000,0,0,20
79,19,17,15000,30000,0,0,20
79,20,18,20000,40000,0,0,20
79,21,19,30000,60000,0,0,20
79,22,20,40000,80000,0,0,20
79,23,-1,0,0,0,0,20
79,24,21,50000,100000,0,0,20
79,25,22,60000,120000,0,0,20
79,26,23,80000,150000,0,0,20
79,27,24,100000,200000,0,0,20
79,28,25,150000,300000,0,0,20
79,29,26,200000,400000,0,0,20
80,1,1,100,200,200,0,15
80,2,2,200,400,400,0,15
80,3,3,300,600,600,0,15
80,4,4,400,800,800,0,15
80,5,5,500,1000,1000,0,15
80,6,6,1000,1500,1500,0,15
80,7,7,1000,2000,2000,0,15
80,8,8,1500,3000,3000,0,15
80,9,-1,0,0,0,0,15
80,10,9,2000,4000,4000,0,15
80,11,10,3000,6000,6000,0,15
80,12,11,4000,8000,8000,0,15
80,13,12,5000,10000,10000,0,15
80,14,13,10000,15000,15000,0,15
80,15,14,10000,20000,20000,0,15
80,16,15,15000,30000,30000,0,15
80,17,16,20000,40000,40000,0,15
80,18,-1,0,0,0,0,15
80,19,17,30000,60000,60000,0,15
80,20,18,40000,80000,80000,0,15
80,21,19,50000,100000,100000,0,15
80,22,20,75000,150000,150000,0,15
80,23,21,100000,200000,200000,0,15
80,24,22,150000,300000,300000,0,15
80,25,23,200000,400000,400000,0,15
80,26,24,300000,600000,600000,0,15
80,27,25,400000,800000,800000,0,15
80,28,26,500000,1000000,1000000,0,15
80,29,27,1000000,1500000,1500000,0,15
80,30,28,1000000,2000000,2000000,0,15
80,31,-1,0,0,0,0,15
81,1,1,0,0,0,200,20
81,2,2,0,0,0,400,20
81,3,3,0,0,0,600,20
81,4,4,0,0,0,800,20
81,5,5,0,0,0,1000,20
81,6,6,0,0,0,1500,20
81,7,-1,0,0,0,0,20
81,8,7,0,0,0,2000,20
81,9,8,0,0,0,3000,20
81,10,9,0,0,0,4000,20
81,11,10,0,0,0,6000,20
81,12,11,0,0,0,8000,20
81,13,12,0,0,0,10000,20
81,14,13,0,0,0,15000,20
81,15,14,0,0,0,20000,20
81,16,15,0,0,0,30000,20
81,17,16,0,0,0,40000,20
81,18,-1,0,0,0,0,20
82,1,1,100,200,200,0,15
82,2,2,200,400,400,0,15
82,3,3,300,600,600,0,15
82,4,4,400,800,800,0,15
82,5,5,500,1000,1000,0,12
82,6,6,1000,1500,1500,0,12
82,7,7,1000,2000,2000,0,12
82,8,8,1500,3000,3000,0,12
82,9,9,2000,4000,4000,0,12
82,10,10,3000,6000,6000,0,12
82,11,11,4000,8000,8000,0,12
82,12,12,5000,10000,10000,0,12
82,13,13,10000,15000,15000,0,12
82,14,14,10000,20000,20000,0,12
82,15,15,15000,30000,30000,0,12
82,16,16,20000,40000,40000,0,12
82,17,17,30000,60000,60000,0,12
82,18,18,40000,80000,80000,0,12
82,19,19,50000,100000,100000,0,12
82,20,20,75000,150000,150000,0,12
82,21,21,100000,200000,200000,0,12
82,22,22,150000,300000,300000,0,12
82,23,23,200000,400000,400000,0,12
82,24,24,300000,600000,600000,0,12
82,25,25,400000,800000,800000,0,12
83,1,1,100,200,200,0,15
83,2,2,200,400,400,0,15
83,3,3,300,600,600,0,15
83,4,4,400,800,800,0,15
83,5,5,500,1000,1000,0,15
83,6,6,1000,1500,1500,0,15
83,7,7,1000,2000,2000,0,15
83,8,8,1500,3000,3000,0,15
83,9,9,2000,4000,4000,0,15
83,10,10,3000,6000,6000,0,15
83,11,11,4000,8000,8000,0,15
83,12,12,5000,10000,10000,0,15
83,13,13,10000,15000,15000,0,15
83,14,14,10000,20000,20000,0,15
83,15,15,15000,30000,30000,0,15
83,16,16,20000,40000,40000,0,15
83,17,17,30000,60000,60000,0,15
83,18,18,40000,80000,80000,0,15
83,19,19,50000,100000,100000,0,15
84,1,1,100,200,200,0,25
84,2,2,200,300,300,0,25
84,3,3,200,400,400,0,25
84,4,4,300,600,600,0,25
84,5,5,400,800,800,0,25
84,6,-1,0,0,0,0,25
84,7,6,500,1000,1000,0,25
84,8,7,600,1200,1200,0,25
84,9,8,1000,1500,1500,0,25
84,10,9,1000,2000,2000,0,25
84,11,10,1500,3000,3000,0,25
84,12,-1,0,0,0,0,25
84,13,11,2000,4000,4000,0,25
84,14,12,3000,6000,6000,0,25
84,15,13,4000,8000,8000,0,25
84,16,14,5000,10000,10000,0,25
84,17,15,6000,12000,12000,0,25
84,18,-1,0,0,0,0,25
84,19,16,10000,15000,15000,0,25
84,20,17,10000,20000,20000,0,25
84,21,18,15000,30000,30000,0,25
84,22,19,20000,40000,40000,0,25
84,23,20,30000,60000,60000,0,25
84,24,-1,0,0,0,0,25
84,25,21,40000,80000,80000,0,25
84,26,22,50000,100000,100000,0,25
84,27,23,60000,120000,120000,0,25
84,28,24,75000,150000,150000,0,25
84,29,25,100000,200000,200000,0,25
84,30,26,150000,300000,300000,0,25
84,31,27,200000,400000,400000,0,25
84,32,28,300000,600000,600000,0,25
84,33,29,400000,800000,800000,0,25
84,34,30,500000,1000000,1000000,0,25
84,35,31,600000,1200000,1200000,0,25
84,36,32,1000000,1500000,1500000,0,25
84,37,33,1000000,2000000,2000000,0,25
84,38,34,1500000,3000000,3000000,0,25
84,39,35,2000000,4000000,4000000,0,25
84,40,-1,0,0,0,0,25
85,1,1,200,400,0,0,25
85,2,2,300,500,0,0,25
85,3,3,300,600,0,0,25
85,4,4,400,800,0,0,25
85,5,5,500,1000,0,0,25
85,6,-1,0,0,0,0,25
85,7,6,600,1200,0,0,25
85,8,7,800,1500,0,0,25
85,9,8,1000,2000,0,0,25
85,10,9,1500,3000,0,0,25
85,11,10,2000,4000,0,0,25
85,12,-1,0,0,0,0,25
85,13,11,2500,5000,0,0,25
85,14,12,3000,6000,0,0,25
85,15,13,4000,8000,0,0,25
85,16,14,5000,10000,0,0,25
85,17,15,6000,12000,0,0,25
85,18,-1,0,0,0,0,25
85,19,16,8000,15000,0,0,25
85,20,17,10000,20000,0,0,25
85,21,18,15000,30000,0,0,25
85,22,19,20000,40000,0,0,25
85,23,20,25000,50000,0,0,25
85,24,21,30000,60000,0,0,25
85,25,22,40000,80000,0,0,25
85,26,23,50000,100000,0,0,25
85,27,24,60000,120000,0,0,25
85,28,25,75000,150000,0,0,25
85,29,26,100000,200000,0,0,25
85,30,27,150000,300000,0,0,25
85,31,28,200000,400000,0,0,25
85,32,29,250000,500000,0,0,25
85,33,-1,0,0,0,0,25
86,1,1,100,200,200,0,15
86,2,2,200,400,400,0,15
86,3,3,300,600,600,0,15
86,4,4,400,800,800,0,15
86,5,5,500,1000,1000,0,15
86,6,6,1000,1500,1500,0,15
86,7,7,1000,2000,2000,0,15
86,8,8,1500,3000,3000,0,15
86,9,9,2000,4000,4000,0,15
86,10,10,3000,6000,6000,0,15
86,11,11,4000,8000,8000,0,15
86,12,12,5000,10000,10000,0,15
86,13,13,10000,15000,15000,0,15
86,14,14,10000,20000,20000,0,15
86,15,15,15000,30000,30000,0,15
86,16,16,20000,40000,40000,0,15
86,17,17,30000,60000,60000,0,15
86,18,18,40000,80000,80000,0,15
86,19,19,50000,100000,100000,0,15
87,1,1,300,600,600,0,30
87,2,2,400,800,800,0,30
87,3,3,500,1000,1000,0,30
87,4,4,600,1200,1200,0,30
87,5,-1,0,0,0,0,30
87,6,5,1000,1500,1500,0,30
87,7,6,1000,2000,2000,0,30
87,8,7,1500,2500,2500,0,30
87,9,8,1500,3000,3000,0,30
87,10,-1,0,0,0,0,25
87,11,9,2000,4000,4000,0,25
87,12,10,2500,5000,5000,0,25
87,13,11,3000,6000,6000,0,25
87,14,12,4000,8000,8000,0,25
87,15,13,5000,10000,10000,0,25
87,16,-1,0,0,0,0,25
87,17,14,6000,12000,12000,0,25
87,18,15,10000,15000,15000,0,25
87,19,16,10000,20000,20000,0,25
87,20,17,15000,25000,25000,0,25
87,21,18,15000,30000,30000,0,25
87,22,-1,0,0,0,0,25
87,23,19,20000,40000,40000,0,25
87,24,20,25000,50000,50000,0,25
87,25,21,30000,60000,60000,0,25
87,26,22,40000,80000,80000,0,25
87,27,23,50000,100000,100000,0,25
87,28,-1,0,0,0,0,25
87,29,24,60000,120000,120000,0,25
87,30,25,75000,150000,150000,0,25
87,31,26,100000,200000,200000,0,25
87,32,27,125000,250000,250000,0,25
87,33,28,150000,300000,300000,0,25
87,34,-1,0,0,0,0,25
87,35,29,200000,400000,400000,0,25
87,36,30,250000,500000,500000,0,25
87,37,31,300000,600000,600000,0,25
87,38,32,400000,800000,800000,0,25
87,39,33,500000,1000000,1000000,0,25
87,40,34,600000,1200000,1200000,0,25
87,41,35,1000000,1500000,1500000,0,25
87,42,-1,0,0,0,0,25
88,1,1,100,200,200,0,20
88,2,2,200,300,300,0,20
88,3,3,200,400,400,0,20
88,4,4,300,600,600,0,20
88,5,5,400,800,800,0,20
88,6,-1,0,0,0,0,20
88,7,6,500,1000,1000,0,20
88,8,7,600,1200,1200,0,20
88,9,8,1000,1500,1500,0,20
88,10,9,1000,2000,2000,0,15
88,11,10,1500,3000,3000,0,15
88,12,11,2000,4000,4000,0,15
88,13,12,3000,6000,6000,0,15
88,14,-1,0,0,0,0,15
88,15,13,4000,8000,8000,0,15
88,16,14,5000,10000,10000,0,15
88,17,15,6000,12000,12000,0,15
88,18,16,10000,15000,15000,0,15
88,19,17,10000,20000,20000,0,15
88,20,18,15000,30000,30000,0,15
88,21,19,20000,40000,40000,0,15
88,22,20,30000,60000,60000,0,15
88,23,21,40000,80000,80000,0,15
88,24,22,50000,100000,100000,0,15
88,25,23,60000,120000,120000,0,15
88,26,24,75000,150000,150000,0,15
88,27,25,100000,200000,200000,0,15
88,28,26,150000,300000,300000,0,15
88,29,27,200000,400000,400000,0,15
88,30,28,300000,600000,600000,0,15
88,31,29,400000,800000,800000,0,15
88,32,30,500000,1000000,1000000,0,15
88,33,31,600000,1200000,1200000,0,15
88,34,32,1000000,1500000,1500000,0,15
88,35,-1,0,0,0,0,15
89,1,1,200,400,0,0,30
89,2,2,300,500,0,0,30
89,3,3,300,600,0,0,30
89,4,4,400,800,0,0,30
89,5,-1,0,0,0,0,30
89,6,5,500,1000,0,0,30
89,7,6,600,1200,0,0,30
89,8,7,1000,1500,0,0,30
89,9,8,1000,2000,0,0,30
89,10,-1,0,0,0,0,30
89,11,9,1500,3000,0,0,30
89,12,10,2000,4000,0,0,30
89,13,11,2500,5000,0,0,30
89,14,12,3000,6000,0,0,30
89,15,-1,0,0,0,0,30
89,16,13,4000,8000,0,0,30
89,17,14,5000,10000,0,0,30
89,18,15,6000,12000,0,0,30
89,19,16,10000,15000,0,0,30
89,20,-1,0,0,0,0,30
89,21,17,10000,20000,0,0,30
89,22,18,15000,30000,0,0,30
89,23,19,20000,40000,0,0,30
89,24,20,25000,50000,0,0,30
89,25,-1,0,0,0,0,30
89,26,21,30000,60000,0,0,30
89,27,22,40000,80000,0,0,30
89,28,23,50000,100000,0,0,30
89,29,24,60000,120000,0,0,30
89,30,25,75000,150000,0,0,30
89,31,26,100000,200000,0,0,30
89,32,27,150000,300000,0,0,30
89,33,28,200000,400000,0,0,30
89,34,29,250000,500000,0,0,30
89,35,30,300000,600000,0,0,30
89,36,31,400000,800000,0,0,30
89,37,32,500000,1000000,0,0,30
89,38,-1,0,0,0,0,30
90,1,1,100,200,200,0,25
90,2,2,200,300,300,0,25
90,3,3,200,400,400,0,25
90,4,4,300,600,600,0,25
90,5,5,400,800,800,0,25
90,6,-1,0,0,0,0,25
90,7,6,500,1000,1000,0,25
90,8,7,600,1200,1200,0,25
90,9,8,1000,1500,1500,0,25
90,10,9,1000,2000,2000,0,25
90,11,10,1500,3000,3000,0,25
90,12,-1,0,0,0,0,25
90,13,11,2000,4000,4000,0,25
90,14,12,3000,6000,6000,0,25
90,15,13,4000,8000,8000,0,25
90,16,14,5000,10000,10000,0,25
90,17,15,6000,12000,12000,0,25
90,18,-1,0,0,0,0,20
90,19,16,10000,15000,15000,0,20
90,20,17,10000,20000,20000,0,20
90,21,18,15000,30000,30000,0,20
90,22,19,20000,40000,40000,0,20
90,23,20,30000,60000,60000,0,20
90,24,21,40000,80000,80000,0,20
90,25,-1,0,0,0,0,20
90,26,22,50000,100000,100000,0,20
90,27,23,60000,120000,120000,0,20
90,28,24,75000,150000,150000,0,20
90,29,25,100000,200000,200000,0,20
90,30,26,150000,300000,300000,0,20
90,31,27,200000,400000,400000,0,20
90,32,28,300000,600000,600000,0,20
90,33,29,400000,800000,800000,0,20
90,34,30,500000,1000000,1000000,0,20
90,35,31,600000,1200000,1200000,0,20
90,36,32,1000000,1500000,1500000,0,20
90,37,33,1000000,2000000,2000000,0,20
90,38,34,1500000,3000000,3000000,0,20
90,39,35,2000000,4000000,4000000,0,20
90,40,-1,0,0,0,0,20
91,1,1,100,200,200,0,20
91,2,2,200,300,300,0,20
91,3,3,200,400,400,0,20
91,4,4,300,500,500,0,20
91,5,5,300,600,600,0,20
91,6,6,400,800,800,0,20
91,7,-1,0,0,0,0,20
91,8,7,500,1000,1000,0,20
91,9,8,600,1200,1200,0,20
91,10,9,1000,1500,1500,0,20
91,11,10,1000,2000,2000,0,20
91,12,11,1500,3000,3000,0,20
91,13,12,2000,4000,4000,0,20
91,14,-1,0,0,0,0,20
91,15,13,2500,5000,5000,0,20
91,16,14,3000,6000,6000,0,20
91,17,15,4000,8000,8000,0,20
91,18,16,5000,10000,10000,0,20
91,19,17,6000,12000,12000,0,20
91,20,18,10000,15000,15000,0,20
91,21,-1,0,0,0,0,20
91,22,19,10000,20000,20000,0,20
91,23,20,15000,30000,30000,0,20
91,24,21,20000,40000,40000,0,20
91,25,22,25000,50000,50000,0,20
91,26,23,30000,60000,60000,0,20
91,27,24,40000,80000,80000,0,20
91,28,25,50000,100000,100000,0,20
91,29,26,60000,120000,120000,0,20
91,30,27,75000,150000,150000,0,20
91,31,28,100000,200000,200000,0,20
91,32,29,150000,300000,300000,0,20
91,33,30,200000,400000,400000,0,20
91,34,31,250000,500000,500000,0,20
91,35,32,300000,600000,600000,0,20
91,36,33,400000,800000,800000,0,20
91,37,34,500000,1000000,1000000,0,20
91,38,35,600000,1200000,1200000,0,20
91,39,-1,0,0,0,0,20
92,1,1,100,200,200,0,20
92,2,2,200,300,300,0,20
92,3,3,200,400,400,0,20
92,4,4,300,600,600,0,20
92,5,5,400,800,800,0,20
92,6,6,500,1000,1000,0,20
92,7,-1,0,0,0,0,20
92,8,7,600,1200,1200,0,20
92,9,8,1000,1500,1500,0,20
92,10,9,1000,2000,2000,0,15
92,11,10,1500,3000,3000,0,15
92,12,11,2000,4000,4000,0,15
92,13,12,3000,6000,6000,0,15
92,14,13,4000,8000,8000,0,15
92,15,-1,0,0,0,0,15
92,16,14,5000,10000,10000,0,15
92,17,15,6000,12000,12000,0,15
92,18,16,10000,15000,15000,0,15
92,19,17,10000,20000,20000,0,15
92,20,18,15000,30000,30000,0,15
92,21,19,20000,40000,40000,0,15
92,22,20,30000,60000,60000,0,15
92,23,21,40000,80000,80000,0,15
92,24,22,50000,100000,100000,0,15
92,25,23,60000,120000,120000,0,15
92,26,24,75000,150000,150000,0,15
92,27,25,100000,200000,200000,0,15
92,28,26,150000,300000,300000,0,15
92,29,27,200000,400000,400000,0,15
92,30,28,300000,600000,600000,0,15
92,31,29,400000,800000,800000,0,15
92,32,30,500000,1000000,1000000,0,15
92,33,31,600000,1200000,1200000,0,15
92,34,32,1000000,1500000,1500000,0,15
92,35,33,1000000,2000000,2000000,0,15
92,36,-1,0,0,0,0,15
93,1,1,200,400,0,0,25
93,2,2,300,500,0,0,25
93,3,3,300,600,0,0,25
93,4,4,400,800,0,0,25
93,5,5,500,1000,0,0,25
93,6,-1,0,0,0,0,25
93,7,6,600,1200,0,0,25
93,8,7,800,1500,0,0,25
93,9,8,1000,2000,0,0,25
93,10,9,1500,3000,0,0,25
93,11,10,2000,4000,0,0,25
93,12,-1,0,0,0,0,25
93,13,11,2500,5000,0,0,25
93,14,12,3000,6000,0,0,25
93,15,13,4000,8000,0,0,25
93,16,14,5000,10000,0,0,25
93,17,15,6000,12000,0,0,25
93,18,-1,0,0,0,0,25
93,19,16,8000,15000,0,0,25
93,20,17,10000,20000,0,0,25
93,21,18,15000,30000,0,0,25
93,22,19,20000,40000,0,0,25
93,23,20,25000,50000,0,0,25
93,24,21,30000,60000,0,0,25
93,25,22,40000,80000,0,0,25
93,26,23,50000,100000,0,0,25
93,27,24,60000,120000,0,0,25
93,28,25,75000,150000,0,0,25
93,29,26,100000,200000,0,0,25
93,30,27,150000,300000,0,0,25
93,31,28,200000,400000,0,0,25
93,32,-1,0,0,0,0,25
94,1,1,100,200,200,0,15
94,2,2,200,400,400,0,15
94,3,3,300,600,600,0,15
94,4,4,400,800,800,0,15
94,5,5,500,1000,1000,0,15
94,6,6,1000,1500,1500,0,15
94,7,7,1000,2000,2000,0,15
94,8,8,1500,3000,3000,0,15
94,9,9,2000,4000,4000,0,15
94,10,10,3000,6000,6000,0,15
94,11,11,4000,8000,8000,0,15
94,12,12,5000,10000,10000,0,15
94,13,13,10000,15000,15000,0,15
94,14,14,10000,20000,20000,0,15
94,15,15,15000,30000,30000,0,15
94,16,16,20000,40000,40000,0,15
94,17,17,30000,60000,60000,0,15
94,18,18,40000,80000,80000,0,15
94,19,19,50000,100000,100000,0,15
95,1,1,100,200,200,0,20
95,2,2,200,300,300,0,20
95,3,3,200,400,400,0,20
95,4,4,300,600,600,0,20
95,5,5,400,800,800,0,20
95,6,6,500,1000,1000,0,20
95,7,-1,0,0,0,0,20
95,8,7,600,1200,1200,0,20
95,9,8,1000,1500,1500,0,15
95,10,9,1000,2000,2000,0,15
95,11,10,1500,3000,3000,0,15
95,12,11,2000,4000,4000,0,15
95,13,12,3000,6000,6000,0,15
95,14,13,4000,8000,8000,0,15
95,15,14,5000,10000,10000,0,15
95,16,-1,0,0,0,0,15
95,17,15,6000,12000,12000,0,15
95,18,16,10000,15000,15000,0,15
95,19,17,10000,20000,20000,0,15
95,20,18,15000,30000,30000,0,15
95,21,19,20000,40000,40000,0,15
95,22,20,30000,60000,60000,0,15
95,23,21,40000,80000,80000,0,15
95,24,22,50000,100000,100000,0,15
95,25,23,60000,120000,120000,0,15
95,26,24,75000,150000,150000,0,15
95,27,25,100000,200000,200000,0,15
95,28,26,150000,300000,300000,0,15
95,29,27,200000,400000,400000,0,15
95,30,28,300000,600000,600000,0,15
95,31,29,400000,800000,800000,0,15
95,32,-1,0,0,0,0,15
96,1,1,100,200,0,0,20
96,2,2,200,400,0,0,20
96,3,3,300,600,0,0,20
96,4,4,400,800,0,0,20
96,5,5,500,1000,0,0,20
96,6,6,600,1200,0,0,20
96,7,-1,0,0,0,0,20
96,8,7,1000,1500,0,0,20
96,9,8,1000,2000,0,0,20
96,10,9,1500,3000,0,0,20
96,11,10,2000,4000,0,0,20
96,12,11,3000,6000,0,0,20
96,13,12,4000,8000,0,0,20
96,14,-1,0,0,0,0,20
96,15,13,5000,10000,0,0,20
96,16,14,6000,12000,0,0,20
96,17,15,10000,15000,0,0,20
96,18,16,10000,20000,0,0,20
96,19,17,15000,30000,0,0,20
96,20,18,20000,40000,0,0,20
96,21,19,30000,60000,0,0,20
96,22,20,40000,80000,0,0,20
96,23,21,50000,100000,0,0,20
96,24,22,60000,120000,0,0,20
96,25,23,75000,150000,0,0,20
96,26,24,100000,200000,0,0,20
96,27,25,150000,300000,0,0,20
96,28,26,200000,400000,0,0,20
96,29,-1,0,0,0,0,20
97,1,1,100,200,200,0,20
97,2,2,200,400,400,0,20
97,3,3,300,600,600,0,20
97,4,4,400,800,800,0,20
97,5,5,500,1000,1000,0,20
97,6,6,1000,1500,1500,0,15
97,7,-1,0,0,0,0,15
97,8,7,1000,2000,2000,0,15
97,9,8,1500,3000,3000,0,15
97,10,9,2000,4000,4000,0,15
97,11,10,3000,6000,6000,0,15
97,12,11,4000,8000,8000,0,15
97,13,12,5000,10000,10000,0,15
97,14,13,10000,15000,15000,0,15
97,15,14,10000,20000,20000,0,15
97,16,-1,0,0,0,0,15
97,17,15,15000,30000,30000,0,15
97,18,16,20000,40000,40000,0,15
97,19,17,30000,60000,60000,0,15
97,20,18,40000,80000,80000,0,15
97,21,19,50000,100000,100000,0,15
97,22,20,75000,150000,150000,0,15
97,23,21,100000,200000,200000,0,15
97,24,22,150000,300000,300000,0,15
97,25,23,200000,400000,400000,0,15
97,26,24,300000,600000,600000,0,15
97,27,25,400000,800000,800000,0,15
97,28,26,500000,1000000,1000000,0,15
97,29,27,1000000,1500000,1500000,0,15
97,30,-1,0,0,0,0,15
98,1,1,200,400,0,0,15
98,2,2,300,600,0,0,15
98,3,3,400,800,0,0,15
98,4,4,500,1000,0,0,15
98,5,5,800,1500,0,0,15
98,6,6,1000,2000,0,0,15
98,7,7,1500,3000,0,0,15
98,8,8,2000,4000,0,0,15
98,9,-1,0,0,0,0,15
98,10,9,3000,6000,0,0,15
98,11,10,4000,8000,0,0,15
98,12,11,5000,10000,0,0,15
98,13,12,8000,15000,0,0,15
98,14,13,10000,20000,0,0,15
98,15,14,15000,30000,0,0,15
98,16,15,20000,40000,0,0,15
98,17,16,30000,60000,0,0,15
98,18,17,40000,80000,0,0,15
98,19,18,50000,100000,0,0,15
98,20,19,75000,150000,0,0,15
98,21,20,100000,200000,0,0,15
98,22,21,150000,300000,0,0,15
98,23,22,200000,400000,0,0,15
98,24,-1,0,0,0,0,15
99,1,1,100,200,200,0,15
99,2,2,200,400,400,0,15
99,3,3,300,600,600,0,15
99,4,4,400,800,800,0,15
99,5,5,500,1000,1000,0,12
99,6,6,1000,1500,1500,0,12
99,7,7,1000,2000,2000,0,12
99,8,8,1500,3000,3000,0,12
99,9,9,2000,4000,4000,0,12
99,10,10,3000,6000,6000,0,12
99,11,11,4000,8000,8000,0,12
99,12,12,5000,10000,10000,0,12
99,13,13,10000,15000,15000,0,12
99,14,14,10000,20000,20000,0,12
99,15,15,15000,30000,30000,0,12
99,16,16,20000,40000,40000,0,12
99,17,17,30000,60000,60000,0,12
99,18,18,40000,80000,80000,0,12
99,19,19,50000,100000,100000,0,12
99,20,20,75000,150000,150000,0,12
99,21,21,100000,200000,200000,0,12
99,22,22,150000,300000,300000,0,12
99,23,23,200000,400000,400000,0,12
99,24,24,300000,600000,600000,0,12
99,25,25,400000,800000,800000,0,12
100,1,1,100,200,200,0,15
100,2,2,200,400,400,0,15
100,3,3,300,600,600,0,15
100,4,4,400,800,800,0,15
100,5,5,500,1000,1000,0,15
100,6,6,1000,1500,1500,0,15
100,7,7,1000,2000,2000,0,15
100,8,8,1500,3000,3000,0,15
100,9,9,2000,4000,4000,0,15
100,10,10,3000,6000,6000,0,15
100,11,11,4000,8000,8000,0,15
100,12,12,5000,10000,10000,0,15
100,13,13,10000,15000,15000,0,15
100,14,14,10000,20000,20000,0,15
100,15,15,15000,30000,30000,0,15
100,16,16,20000,40000,40000,0,15
100,17,17,30000,60000,60000,0,15
100,18,18,40000,80000,80000,0,15
100,19,19,50000,100000,100000,0,15
